{"accuracy": [0.5264732837677002, 0.7849501371383667, 0.8475974798202515, 0.8727107644081116, 0.8866727352142334, 0.8988214135169983, 0.9064369797706604, 0.9174070954322815, 0.8870353698730469, 0.9460561871528625, 0.9589301943778992], "loss": [1.005220890045166, 0.526337206363678, 0.39543020725250244, 0.33614569902420044, 0.30190494656562805, 0.2730182409286499, 0.24914002418518066, 0.2312898486852646, 0.29614606499671936, 0.14328701794147491, 0.11542106419801712], "val_accuracy": [0.7932203412055969, 0.8563559055328369, 0.8830508589744568, 0.8949152827262878, 0.9067796468734741, 0.9118643999099731, 0.9224576354026794, 0.9237288236618042, 0.8618643879890442, 0.8957627415657043, 0.923305094242096], "val_loss": [0.5834912657737732, 0.415287584066391, 0.34174442291259766, 0.3046809732913971, 0.2777995765209198, 0.2618531882762909, 0.24041403830051422, 0.23800602555274963, 0.3563026785850525, 0.278735876083374, 0.20936258137226105], "learning_rate": [9.999999747378752e-05, 9.999999747378752e-05, 9.999999747378752e-05, 9.999999747378752e-05, 9.999999747378752e-05, 9.999999747378752e-05, 9.999999747378752e-05, 9.999999747378752e-05, 9.999999747378752e-06, 9.999999747378752e-06, 2.9999998787388904e-06]}